Date,Mood

2025-03-11,Happy ğŸ˜„
2025-03-11,Shocked ğŸ˜±
2025-03-11,Shocked ğŸ˜±
2025-03-11,Shocked ğŸ˜±
2025-03-11,Shocked ğŸ˜±
2025-03-11,Neutral ğŸ˜
2025-03-11,Sad ğŸ˜“
2025-03-11,Neutral ğŸ˜
2025-03-11,Stressed ğŸ˜²
2025-03-11,Happy ğŸ˜„
2025-03-11,Happy ğŸ˜„
2025-03-11,Happy ğŸ˜„
2025-03-11,Happy ğŸ˜„
2025-03-11,Happy ğŸ˜„
2025-03-11,Happy ğŸ˜„
2025-03-11,Happy ğŸ˜„
2025-03-11,Happy ğŸ˜„
2025-03-11,Happy ğŸ˜„
2025-03-11,Happy ğŸ˜„
2025-03-11,Happy ğŸ˜„
2025-03-11,Happy ğŸ˜„
2025-03-11,Angry ğŸ˜ 
2025-03-11,Angry ğŸ˜ 
2025-03-11,Angry ğŸ˜ 
2025-03-11,Angry ğŸ˜ 
2025-03-11,Angry ğŸ˜ 
2025-03-11,Angry ğŸ˜ 
2025-03-11,Angry ğŸ˜ 
2025-03-11,Angry ğŸ˜ 
2025-03-11,Angry ğŸ˜ 
2025-03-11,Angry ğŸ˜ 
2025-03-11,Neutral ğŸ˜
2025-03-11,Neutral ğŸ˜
2025-03-11,Neutral ğŸ˜
2025-03-11,Neutral ğŸ˜
2025-03-11,Stressed ğŸ˜²
2025-03-11,Neutral ğŸ˜
2025-03-11,Happy ğŸ˜„
2025-03-11,Shocked ğŸ˜±
